newid,pc_0,pc_1,pc_2,pc_3,pc_4,pc_5,pc_6,pc_7,pc_8,pc_9,pc_10,pc_11,pc_12,pc_13,pc_14,pc_15,pc_16,pc_17,pc_18,pc_19,pc_20,pc_21,pc_22,pc_23,pc_24,pc_25,pc_26,pc_27,pc_28,pc_29,pc_30,pc_31,pc_32,pc_33,pc_34,pc_35,pc_36,pc_37,pc_38,pc_39,pc_40,pc_41,pc_42,pc_43,pc_44,pc_45,pc_46,pc_47,pc_48,pc_49,cluster
4799,-2.98117692188819,1.1283658304335389,0.280130177146068,1.0500159528182706,-0.43635542647628583,0.9517380143497111,-2.5752228311811467,-0.6576609654377523,0.7449684680651801,-0.5515999213532407,0.5689354180150444,0.1761068937988418,-0.3819554840280774,0.5309972088491554,1.0646856635088058,0.14467628423577877,-0.9342025400936881,-0.1334614501456581,0.1842055613188035,0.07673795266351603,0.07672843766822422,0.6167251352168793,-0.1520767582412826,0.3159143560204604,0.09027808653868721,-0.33474292103974645,-0.538137549398308,-0.35634690814329745,0.03866064261631119,0.08896701196073879,-0.08376702396493121,-0.20518631192692674,0.07203539600842358,0.0953883854825151,-0.07681572968764379,-0.07444176580502755,-0.0491123480863335,0.07972183858808789,0.09283250584434008,0.04072474730126404,0.04113474085313486,-0.10736847632817276,-0.007541665264799454,-0.08048774953649501,0.04641655899192976,0.008095338250072913,0.07581896714574508,-0.03301404098625287,0.03367522289280355,0.002758347607476294,3
1894,-3.67181040769231,-1.272424692820951,1.7953977677019715,0.7146946487269393,1.457255689801433,2.8253183264978388,0.22209588640146943,-0.10995044211303187,-1.2714886603688638,-0.47384902356672165,0.031650871610276056,0.2622583169914045,0.01730076367529455,-1.2733837420302856,-0.450848553493073,-0.3417376579387468,0.017590902896049226,-0.07623541875439041,-0.1905309638409194,-0.02537921807356209,-0.24536527917804798,0.1345360685934294,0.01229359193402625,0.2532341574559032,-0.3992955085547919,-0.006613629606073879,0.2344115350381611,0.12648375096117542,0.10912612652815679,0.10953989123613801,0.07638813264570835,-0.07076409545725591,0.14941146802106609,0.12183569077539999,0.042833295645935666,0.15334889754632122,0.025130849834533862,-0.07377297744859365,0.18020521636331233,0.05183162733398339,0.006447068687684434,-0.1266379215566676,0.10022701744022214,0.03216146508337644,0.027868853296709874,-0.04085789632899573,-0.03600944983116271,-0.009455227953653186,0.045300011890084035,0.03191331761061743,22
796,-2.3586702625258296,2.2737208278491554,-0.3060561866642408,-0.9868365755049179,-0.3904832210910616,0.2753643580110132,0.06144613364332906,-2.150264393333594,-1.4892130471727005,0.1034937712907838,-0.6204367613659233,0.0424185253260402,-0.4293443882517323,0.36255369386141195,-0.14367714073361296,-0.07856918417135497,0.21376711213870764,0.46916224276911206,1.2696470060842084,-0.037308274061845954,-0.30861165192621604,-0.3172232850277908,-0.12919464674828574,-0.18347883046242364,-0.05735027651377656,0.18888111002260188,-0.22740056981561677,0.19108737740091758,0.03906332904350246,-0.3927912796976324,0.3495616424980919,0.3786065998018286,0.10908976360351344,-0.22327282718953578,-0.12483980189738954,0.06702182616605942,0.06793461040434703,0.015184837013363397,-0.07808670289123876,0.09710733209460648,-0.026642737829248326,0.1247994865371422,-0.08892742018081295,-0.09769527244223264,-0.0904394169032541,0.10617100082507183,0.06482542336247304,0.04962580533200223,-0.07217310291159465,-0.04878171962515984,58
1737,-1.9615512474549186,-1.256425607709056,-1.5908150581760283,0.6159534020240007,-1.6577391047979817,-0.09789150912204986,0.6389199648651822,-0.9640679964215061,-0.19264637605326435,0.8787263708563737,-0.4785409334556727,-0.2789906828441282,-0.6982300575962638,-0.5021660804886974,-0.05694710613525715,-1.540450892248353,-0.6107839417031478,0.13694769380062008,-0.8141323858853079,0.22788240881623814,0.3610118787028545,-0.0032566663222942096,-0.3685283051850334,-0.6298427722903346,0.32483556587746265,-0.09352783930672534,-0.3479936531978486,0.0374698797309357,0.048958725412753125,0.03877318798179318,-0.28893829977677504,-0.27837786042258794,0.08767702162679475,-0.06051470038937685,0.1901305096759147,0.0349009600583114,-0.09258253512470027,0.041850962593466955,0.03887788504583226,0.010073367395655187,-0.07182949295043262,0.007756445672586094,0.011490468332199149,0.21158164587846595,-0.013069744559588158,-0.04000815802333076,-0.062437197185855685,0.06426906762531275,0.002334262996782541,0.057912225806086244,1
1340,-3.542048145120218,-2.0332623053252417,-1.092386626645689,1.122265572194503,1.091356968612844,-0.539647386259405,1.1189748522548726,0.07069954480603483,0.047338651276801834,0.48825694712764084,-0.9489277539235523,0.13055613402747437,-0.8513411493762911,0.03242221432397112,0.9150695189171842,1.275339245758753,0.5137473006702911,-0.7954665996473447,0.30862797740609393,0.33696212080620586,-0.5547927799346398,0.31910047885798554,0.2533799267474336,-0.15542704486488296,0.3764029382270009,-0.3626991323333336,-0.12292319029281394,-0.09369035235795328,0.08613645224949326,-0.03520883809253952,0.05979926751522768,0.06279484295819535,-0.06822585666199033,0.012298088176315333,0.13784652462238617,0.048823926335140884,0.06004001655778583,-0.06850418290589612,-0.09663140802281656,-0.10009480379028571,0.05620406450346396,0.1356492321880665,-0.04631401822131828,0.1339044859887114,0.0604027651108767,-0.004060020634175741,0.07147697590927306,0.09735667203673377,-0.09531296937577541,-0.023363606967164156,40
6779,-1.1583666945685636,0.2869566016552361,-0.7779566889554301,-0.5076223733134201,-0.0031124070306172264,-0.295444879167765,-0.7631722123056737,-0.21169014006928902,-0.3818150382391728,-1.7601884484749226,-0.7610513235175187,-2.012964836357571,0.22646455360920126,0.1083240278660278,-0.4946431120368759,0.20751423131931176,0.5614738894307382,-0.397784050684945,-1.016394405406735,-0.3244292113408357,0.08325648830208475,0.44382861150161335,0.02582132653106722,0.10599020924757586,0.022202568514796378,0.04677686767334062,-0.19772343716373386,0.14650189036408884,0.37594321252491114,-0.19247193208658264,0.01139144600412053,0.0887903380198596,-0.2295668214772859,-0.03557571511141734,0.04381230019584826,-0.04777187518202511,0.18816622766326044,0.06962247824852162,-0.04947052663749805,-0.1033070372045498,-0.06840524420102981,0.30508030035951733,0.07030039551809251,-0.05077419599267893,0.08760278651224983,-0.06649123441818508,0.05939752748426983,0.06299298786072119,0.054903865067918924,0.12000635570225143,0
1367,-0.7038424008279462,-0.22469167859979772,1.1386124994393358,-0.2135901636332157,-0.8293471695982981,-0.2732808868755324,-1.6028878259508932,1.7284753663184669,-0.38368983261766526,1.1537460178128935,-1.5266182353335087,-0.8548038579626676,-0.5985856292360758,0.07229392937356306,-0.28653217682446186,-0.0007924840701859131,-0.13794178806119825,-0.3510930578316524,0.5054415534769843,-0.26983600951990705,-0.15919682570592017,-0.27919626111917034,0.12802221018002155,0.4276023280092413,0.29740560104898917,0.472205466602556,0.10035118710944997,0.31015319374271577,-0.22119125843312365,0.004243629039297338,-0.16889218137353962,-0.0962615079480471,0.18670239512191203,0.15374116938186813,-0.0583958143821785,0.08591081703749592,-0.23596821500149084,-0.12683838092291533,0.15067899058472362,0.21244212638839646,-0.046501895292469585,-0.2094952607879692,-0.22172845940426608,0.09927230856255674,-0.15612560948212698,-0.13943302017842513,-0.0453884035499958,-0.004321054525805801,0.14681665152723006,-0.029535286700195628,30
320,-1.58132845536919,-1.0978020343702846,-0.5357010079175203,0.36566611166683366,0.24310284140327018,-1.545088105741453,-1.286065610971673,-0.3538882621726271,0.17634205729076247,-0.1555338321632894,0.8309076555237291,0.13115556581249035,-0.07769256162151682,-0.8247243460868846,-0.4829658499737097,0.44601927347627696,-0.580081031643304,0.6558876398487428,-0.4430752719802227,0.11042365432891217,-0.4300497227807658,-0.5805153061478368,0.16944029188050577,0.046800346083982536,0.1654216579789044,-0.044569483370766154,0.2297834976391647,0.18694169126367088,0.06252629923940424,-0.164843724585682,0.18678842328840115,0.8698266434808315,0.07683194665672541,0.195754291760419,-0.032925914518531836,0.23215608153556866,9.616229624156755e-05,0.23467471574762927,-0.3599955351765161,0.06718666334887875,0.2030773041832257,-0.10910995125279377,-0.06641673351839125,0.02242865537273714,0.10151684555568752,-0.2544223222614786,-0.2871678131295078,-0.09530549888488701,0.10150655591964002,-0.06891496593410468,99
2153,-1.7003676466459379,-1.0409118304157112,-0.7093877556104469,0.8927702531986011,0.029763475231288798,-2.082184586169672,-0.5062399384487224,-0.030834696958604885,-0.3492056133654826,-0.5158387861338389,1.076331133374122,0.5059179700820529,-0.34324208795088434,-0.30253978053646485,-0.6599359407940802,0.04144235666391313,0.10892544350966059,0.3107923174410679,0.5907577391756382,-0.2467150150291544,0.4157272621843061,0.03622925903302586,0.40287386920822815,0.2527152806750147,-0.12764222006797257,0.43256316578958076,0.23592720012092772,0.09349291247493198,0.3970555558848138,-0.20381998754069391,0.12764934646377252,-0.8983812469878488,0.13593221864807992,0.027169971239121037,0.05483351478456719,0.09661941872130927,0.0071115475556929025,-0.20462918853094259,0.3983519283511697,-0.16154693465290207,-0.18507287156629854,0.155369878416552,-0.060631851491153424,-0.07481937533298473,-0.06366018618517547,0.10247015097077002,0.1996449726712441,0.044534079456067,-0.19398224684401758,0.11445564815881129,99
542,-1.967785507484473,1.5297190901647182,1.2564547794843948,-0.5362755833834283,0.08832760781810664,-0.5722360231379964,0.8054754996567317,0.07684398063058226,0.042235002814287964,0.10054006831430183,-0.5953430988321489,1.125919079908347,-0.19610977004092933,0.3468135174465318,0.16187746033435066,0.4128242635327384,0.049986684204600194,0.5073464999036814,-1.1107705045787375,-0.8715802435325355,0.3314613165986132,0.09828959019667462,0.23628025454291288,0.11338742754831875,-0.01660656159690157,0.2898872917146139,-0.3618605860026837,-0.10307562408505487,0.5621223457647014,-0.01801675364272589,0.22402459803810093,0.11370681420747945,0.18536266983641483,0.149834642616181,0.18047617025718685,-0.42019698674135253,-0.4120724122790922,-0.05365882828383625,0.18338335070637468,0.05166751086942273,0.18904761422139285,0.028428715509813556,0.1015083749266382,0.23633720059801847,-0.021169055428936306,-0.10519753596448364,0.017553717468618054,-0.13565954222822335,0.06510138606532863,-0.19225644077558568,108
55,-0.20207682507420272,-0.0497788542061468,1.7182130529886623,0.16994734479832083,-1.0919655847613607,-0.9171488480180618,-0.9008918923211306,-0.09620523939672364,-0.9583954859232472,-0.04903359034736553,-0.5143608891124788,0.36791167754953613,0.3292664746001594,-0.4185936305826569,-0.09617482772329766,0.39768348790971986,0.6810008922672763,0.01205684143853881,-0.3564794380090123,0.4212964070365569,-0.12194413921719306,-0.4471726811226568,-0.12259037267150091,-0.42299869270320095,-0.3885226092731688,-0.07160268884988849,-0.12453306718516283,-1.1761169534461504,-0.48082149939723895,0.14164387752609137,-0.3491835960807159,-0.16714872448728635,-0.2641589836579552,-0.3296396328683842,0.039956322233344915,0.06822882404084779,-0.08313169336675462,0.0771082760148103,-0.007146488244744486,-0.4167771530233713,0.13361335266139956,0.05705537407045264,0.031131035815316385,-0.07552615815384789,-0.12600841780980146,0.11497849990487291,-0.14078583485286608,-0.08969806570904602,-0.09438063369365701,0.035933088549138084,108
6213,0.9658427465119417,0.06293633967903636,0.2735425436903514,0.6192643830107141,-1.9944660738456719,0.7252012882978638,0.9456746722090825,0.9789488992866404,-1.4988051453839628,0.179399304120091,1.1082083677865227,-0.25864438733240336,-0.022340739654982816,0.27214339341583815,0.09980521221776097,0.9224784751419608,-0.7474908859188029,0.05122461508800522,-0.08908198621902066,0.07092698021548413,-0.24198864323900648,0.3883006444421146,-0.38662309859256033,-0.2984221886345443,0.3261356839858837,0.5345537290716434,0.10711189332985854,0.0773035230586526,-0.03391609967923323,-0.05997655176636584,0.4020299634388984,-0.1319536360852592,-0.19095865356279,-0.035574434685302976,-0.1646452774624486,-0.2892773253980877,0.13221935527646658,0.11106777674854791,-0.04319484517418618,-0.16302469695940638,0.16411275277546186,0.08381134651947536,-0.10423237910755224,-0.043001176363249516,0.33421293597734314,-0.23539166270843034,-0.15271084954047365,-4.9317239892481695e-05,-0.06021205341376049,0.08858657036579581,108
6531,-1.581192263578086,-1.195418202925948,-1.708449192301415,-0.6419042549273882,0.5485614169782121,-0.09834723012976208,-0.1442207397298381,0.4688342400989672,-0.6627969513374267,-0.09463905120123713,0.34535975870088204,0.4161611951881659,0.07540726749206535,0.8211389492627518,0.2352982215599874,-0.41084564593834166,0.3068703446849444,-0.6598126181638897,0.13931435988054258,-0.2591113414322496,0.20777667191173949,-0.5525963862049436,-0.5122659716336826,0.1319040952260713,-0.6055199640615564,-0.10302608595844556,0.1171638977656812,-0.13985080284083848,0.2548414365764324,0.29713180197419936,-0.5131223634820151,0.30938114120564514,0.4718194603239823,-0.04729667955339018,-0.17743154833748598,-0.42109052277929293,0.007877914760131785,-0.20092031382881678,-0.03682607528604328,-0.10553347635716628,-0.06798826923183139,-0.09612716290323546,-0.14034301120697842,-0.3044810559351001,0.19225256846040964,-0.16998372035862772,-0.34052013438366074,0.0037832473007873963,0.16533580154694932,0.14486150442068557,108
4655,1.2982680024841358,0.7053066188210297,-0.2414732028328374,-0.8150099492606487,-0.8876856969244004,0.6016553323411821,-0.20634369044521247,-0.40705646247079474,0.6316627389711208,0.31699202065865373,0.2347009034103211,0.27571286663672573,-1.1091987363279947,-0.6608061243458443,-0.7282162226915013,0.584548469602866,0.6975838220634586,0.08018814750013595,-0.07746272275382662,0.4359892277930988,0.33358523991343686,-0.15863890392896068,-0.5653879984368653,0.5272965206870592,0.22885016315249457,-0.353306540267513,0.21641269138482097,0.025070529967538953,0.06017791022355372,0.6590182916540658,-0.010876889611066096,-0.003166769148530726,-0.3109191335470118,0.15039191377489292,-0.048269358008327,-0.1341295007730826,0.034411032311444024,-0.1644271147832979,0.06842940777648904,0.2902256450170668,0.253230807624411,0.1848540261130645,0.03737877071093931,-0.19624324647892244,0.15683831728702216,-0.025734822363085306,0.18031022461829105,0.19776216938273694,0.12627026550589096,-0.0019094749411411487,108
3448,-0.49161102348292385,0.26813057047042893,-0.3933094821815063,0.8067452956270945,0.0884245378782386,-0.1291426935344758,0.7217297268417822,0.7842666338804446,1.1317684010573295,-0.22925508084671786,-0.3326158930454637,-0.23301678161948605,-0.01348365609534823,0.15963341212789556,-0.31399289909508554,-0.389695376809772,0.20609791475900296,0.3425157769589376,0.08891805503404525,0.21491810809493933,-0.43386482988678665,0.17950035106521756,-1.1480702794340152,0.09207061276641403,-0.6971799838078926,0.619075284429837,-0.1946688180476462,-0.48647200741382396,-0.014240670804955826,-0.45394072751758197,0.1999470329114609,0.076911578724082,0.09883787258836849,0.4202561178575501,-0.1757667930208135,0.3896371545522237,-0.028024884671970483,-0.25468227153437567,-0.0648774758171788,-0.12199779872335274,0.20489860052335543,-0.1472295609027321,-0.20611619158862454,-0.1072731876054755,0.06835361183862192,-0.09290012915623194,0.3073987725902536,0.03102576272591323,-0.07473252739215347,-0.20330807822545327,108
481,-0.2947220554190113,0.6804701804166416,-0.03381137607534262,0.12124072443463686,-1.1904953527138489,-0.04472448510524875,0.6854416045085824,0.13345800437985136,0.04839362423025011,-0.9286702848851538,-0.14518776389020133,0.49940135925711593,-0.012601653738561897,-0.028559577655584038,0.011877292214356855,-0.0593409616792839,-0.27432481840154277,-0.9043112989925398,0.06981361109393085,-0.4058513199180005,0.34319139449725516,-0.8248356908560586,-0.07624162341659962,0.4202041596000657,-0.2859267294548294,-0.8092791881441509,0.08285476384300647,0.11275712268961444,-0.48251786974694916,-0.536009419074805,0.4354692892268635,-0.0908553335342368,-0.4318399419507241,0.4505507460318448,0.45554967873635516,-0.03376637303703239,-0.223571829922732,0.0902772097832504,-0.10879834998617154,0.10245181666918507,-0.17923153508485923,-0.07512385224271648,-0.24636272652859056,0.0892451108093696,0.036666427688398166,0.06338074737747831,-0.08375391357066549,0.04867723067403334,-0.09760599775195408,0.10336224667391386,108
168,-0.729153953414267,2.4073931248664264,-0.615920395432699,0.03434837043029504,-0.04760353347140575,0.4602252212411151,-0.18504794088584814,0.6864511798006637,0.4641194675015662,0.07465387835274971,0.05237431031614607,-0.2618266284083501,0.3194819987382904,-0.6181152937587284,0.4927634533527904,0.03197595250649118,-0.04657929287277799,0.014890749012492134,0.5809600733798486,-0.43390596192266845,0.09537575796244295,-0.366741592887109,-0.11406607291567263,-0.6936343622773397,0.22331577876696768,-0.06702955930750311,0.6844585579871336,-0.30809418806127825,0.7858692040710409,0.021250362321031894,-0.1549931779315246,-0.28393261894418864,-0.09639361066175423,-0.024088765564939007,0.25350882367799216,0.19265474471604552,0.33402026997634543,-0.4245867838839616,-0.29330297025687146,-0.08718965665240042,0.05369993886737214,0.12871206047458522,0.15830442985299895,0.35198039804189163,0.026389592173014075,0.030889167737065862,-0.25530545831150553,-0.14283348400555523,0.17194029446645576,-0.10550163940180575,108
903,-1.592298185423421,2.5122439801785794,-0.7938017712244351,-0.32745893534443454,0.9802465136732033,0.04374700427284883,0.4635962601950395,0.08492005645383165,0.19415383023574598,0.3629544556734061,0.12861550174962724,-0.24345683680051713,0.17258717456645786,-0.5586502113209211,0.25774126613752524,0.3822845828942194,0.036564681748151716,0.2210153766858294,-0.3894446083393709,0.17385395649929725,0.6162326278898785,0.25474454717354517,0.1686547854688413,0.2051615663862341,0.18477118152427138,0.47120819746444886,0.03326992400799548,-0.40941279625166066,-0.6227084024503874,0.010638076549594564,-0.05320761755632301,-0.03647934353005782,0.09581708093886158,-0.1898483570848191,-0.0018099858866856176,0.3216569605347748,-0.006085595643820832,-0.1047342185159106,-0.0008950850039912416,0.18196413408660692,-0.6370785909208652,-0.16908634624486002,-0.06880785691414912,-0.20375304013750614,0.30120970104104006,-0.005065080723747716,-0.2449332429181529,0.25054914130347555,-0.05765382635364666,0.0030569201892861743,108
4770,-0.09638892020659778,0.8747158798286149,-1.3355530443518953,0.418555497430977,-0.08508890229385567,0.25609834845224744,-0.4799457980862482,-0.27234908553250703,-0.7995161423494328,0.15800753928657368,0.05376466806894083,0.41679508205200366,0.705309078976934,0.6230479264009691,0.4073295233989973,-0.2550640651409113,0.06408436835233598,-0.12866212627271975,-0.31023684642845145,0.29357497780133035,0.09005568107552991,0.12621734314473265,0.27293706565420395,0.4644571921811201,-0.010962910140034973,0.6283212867444836,0.44105453679158296,0.6693948596242127,-0.2702725798141096,0.5478197075160397,-0.35782393267845214,0.24492968244210508,-0.42126236301034325,0.2752540944390874,0.34465636453285237,0.28987775873168375,-0.24201201557881835,-0.27255422094636655,-0.13891698393680998,-0.33307070122064836,0.34237008055768964,0.10449470452293957,0.017518977671609825,0.15659953280210775,-0.09556138068564737,0.09440749174474143,0.11231375377507467,0.08055857378446794,-0.24183833875150423,-0.11673212191859965,108
5857,-0.09451852099269159,-0.9355500272375677,-1.5529171787968126,-0.48371280731929067,-0.8187635659501907,0.2648964053248251,-0.2064963908838325,0.7043220088827548,-0.28759598516154106,-0.012390210617581459,0.042695503565135386,-0.04832651087112979,0.43679008279515785,-0.1848337707704512,0.4836893937461911,-0.3478516689920453,0.44312462103698846,0.17313261042109132,-0.017249757663830717,-0.6218740512298121,0.050275181961983786,0.3650878203212099,0.15983826971516502,-0.3470417951541168,0.301286401583092,-0.46283527214703923,0.3644962777002126,-0.2591148010952277,-0.17880628664135598,0.14366022929941333,0.7692239136782122,0.2612871416611627,0.019668133798685226,0.2626766955406234,-0.470245205780822,0.2879122103478814,-0.34214598192330586,0.05904736629972769,0.4049624482985804,-0.003115113614039268,0.04526345816978289,-0.21296322616050806,0.3346405187259185,-0.285304295649891,-0.18352378497710928,0.2151679616399679,-0.04787381845212172,0.17952636017316104,-0.055337402252108085,-0.22504976398191676,108
591,0.27545855450572737,-0.5244349908550496,-1.4545174860206083,-1.0185595056080106,-0.15914713560766452,0.6641521743791192,-0.5119429006421687,0.5995720445228758,-0.09323683931642457,-0.08826076489121748,0.17382890205921914,0.2685047116332881,-0.31816654361276686,-0.13255981845012796,0.6364286712339365,-0.009844457952516482,0.37759785905471616,0.2734035895834227,-0.3699962151430658,0.3887085600688686,-0.2576187580795144,-0.0437227714130325,0.17784124826243902,-0.17898557550453575,-0.12007103934282536,0.38796459891404594,0.4966088924154875,-0.1534046711840401,0.010700976315348233,-0.505755498193348,-0.11212493771138687,0.06813438582784223,-0.21520279222833835,-0.3657106623678043,0.5511838653481165,-0.2865088327915748,0.04795378641215152,0.24087250886748243,0.16209350437183254,0.5552923425046116,-0.020903738141773567,-0.2910309626696068,-0.001963922333877232,-0.16785498592020875,-0.07878715119471315,0.03772401794984674,0.5031979651923467,-0.45978027093404233,-0.0459389279083089,0.10716617321002089,108
6375,-0.689043265604546,0.8029378408167033,-0.4441340657701499,0.3140530949488241,0.6072056718445196,-0.2170883122840775,0.3640804679722999,0.584766315820962,-0.36691052722956236,-0.07549157748575955,-0.39787174245661283,-0.04833214962877328,1.16034903574802,0.19372952530921708,-0.17736558388634016,-0.2736679267136754,0.0018524989989648346,0.4251426081072709,-0.07113510910498828,1.3794466170988644,0.12294237237906719,-0.21879429162957933,0.052156718108019855,0.703076755685664,0.6578787027756192,-0.37432203160089217,-0.07524963763064639,-0.16418167029730357,0.03090668115813168,-0.26611602329072565,0.2562391718366318,-0.17850582095042694,0.2597746380330028,0.14948071661861823,-0.23537984024366543,-0.2777120762558607,0.09055553671173028,0.060245460884492646,0.09731574604257523,0.19865548206907188,0.01819011437756767,-0.0024452384590015553,-0.08686359161536102,0.41186729119242765,-0.10164445764468795,0.03795341981344495,-0.08592965574504961,-0.10135280636443898,0.03295210924280028,0.1111535920829086,108
6535,2.018057005745228,-0.8029410683048381,0.23610699006790076,-0.32792118577341545,1.209153499539794,0.5593247810632692,0.306219161566647,-0.4630983418470271,-0.3129366739826274,0.46907550166627776,0.536086539345027,-0.9885028406828963,-0.8161658656587853,0.8081902067920939,-0.20884094661870414,0.33152426587301154,-0.4649238717764978,0.38867638890061806,-0.32755502027870004,-0.10800610185034323,0.3299380114337853,-0.13868334461159249,0.22934886015367784,-0.09746430563867546,-0.14518291966861555,-0.15531076390663198,-0.015334114562913097,-0.5890812229379092,0.17507735017050666,0.2220200543360248,-0.003233652056411421,0.15084554245769488,-0.2704977494181814,0.39865764112573104,-0.051383504782316264,0.13959192820036082,-0.014650384339728036,-0.32224742920688704,0.14142116806242702,0.163990323896299,-0.13443950012409947,-0.023020618126064398,-0.366782109490894,0.0692811706310206,-0.4105594936670181,0.1511797167992316,-0.2500105365187975,-0.23911221044875428,-0.4282735995544149,0.03899777742922093,108
7186,-0.5629848482742948,1.8413488756177605,-0.10371197284334213,0.037500532651773874,0.8657791867372359,0.2567884671039616,0.8449845753900052,0.853916419991143,-0.18598447558829068,0.15260844803678442,0.7190212204761176,-0.511232973379012,-0.17176696566343141,-0.35485380778397235,0.1452051880957858,-0.024360846634777954,0.037770098880474945,0.3976264778025826,0.10328171292089916,-0.1253033554891808,-0.02376747744908058,-0.37823567995217955,0.2448119648521317,-0.21756617933752398,0.40259545646826633,-0.4495008067389769,-0.38849357396066747,0.2103602641167032,-0.03178275757074734,-0.13008380092720823,-0.6518052600683485,-0.1635160976643502,0.14979560801564654,0.3450670901891535,0.05010376291660973,0.05675574537203689,-0.24651027168498327,0.502923752616006,-0.1586218880079504,-0.4139890863213865,0.2646055885017121,0.05519653853603033,-0.1548898802872494,-0.5573880896776012,-0.37872750134593813,-0.1571400509698403,0.2813896436220824,0.014172344686432529,0.07514857882785374,0.07080709880833949,108
4188,1.505794892873664,-0.16725167014805156,0.06454805065586214,-0.9991889669435585,1.2592746661901577,-0.4919711171440922,0.16328239832831443,-0.5542450973443983,-0.2935660637705768,-0.42922728614855393,0.22084147573461244,-0.3302156305317059,-0.7102995703336444,0.6081385284294786,-0.25587111251455336,-0.02627494890425124,-0.05178269791785739,-0.11238377295119488,0.5102276403563791,0.5956676060052618,0.21134915278461164,0.3384049283939164,-0.1170718022901959,-0.4338989071577411,-0.2286561354341619,0.2822123949790051,0.27313731983092815,-0.15260320047180703,-0.13831607651831573,0.1435465345198569,0.15323833751437277,-0.4172337934024188,-0.1377914699202234,0.4314893840179124,0.32052263747442594,-0.08614424928732327,-0.350360332870515,0.4728516818037169,0.0033087542073354436,-0.06516345205858837,0.08184134450448116,-0.3450201154495407,0.3469557947735713,0.2580547206626999,0.08894573237674791,-0.17430171970697556,-0.170722024653017,0.10008497127050232,0.4747102184094254,-0.08079260960559936,108
1106,0.12541445543082896,0.912627058470104,-0.24218852199555577,-0.04826649183016393,0.050350667616860696,-0.523208563612675,0.2506527877807492,0.6561847530628002,0.22703903797763947,-0.04681859344188087,0.1529104313542265,0.04684648644933196,-0.19333870407859347,-0.4867806957487782,-0.5008326261733758,-0.06310427194357107,-0.015543195463348461,-0.04025628411189067,0.5047889904815587,0.0028999956410294867,0.2580124711939263,0.9509537947311244,-0.5843987931456512,0.25526786564922777,-0.12729988438652537,-0.34849847044936383,-0.014876420146601527,0.2137221656431586,0.008082206473820722,0.11130364068023758,-0.24737013848721195,0.6375071295811943,0.025914186752051867,-0.4156536786756253,0.4180163931171543,-0.25822326414550034,0.274992839565169,0.33122784076482165,0.5809458011734969,-0.3177002256061894,0.09301290578923262,-0.15215417708267667,-0.29996009897779996,0.22301703543072118,-0.09463069514803056,0.22503197649035706,-0.2656139122392022,-0.07670795374882103,-0.1849880874861276,-0.17210765709915177,108
1080,0.021430742608956763,0.5424829730784138,-0.0368966932678541,-0.012941542945139186,0.9959135529516204,-0.4623146526700444,-0.11451987459699622,0.5035926551971616,-0.33559228400634483,1.0047470049326381,0.6929809825444055,0.026888271423564886,0.18265139212144865,-0.12097086604545614,-0.07859766846285783,-0.6330738024859426,-0.3776636415146312,-0.7844090915494369,0.12960355466371815,-0.40488835493117603,-0.34692395247921837,-0.18794963912385765,-0.09410217180516209,0.3501388383226272,-0.18295977487736903,0.10977693906625141,-0.2222639585419768,-0.33809984186312647,0.04835046797242053,-0.0309063835510698,0.06459325749446447,0.0854578614955187,-0.6912681938477805,-0.14432081175173264,-0.2337786570919448,-0.2487024688970768,0.34520046660832554,0.33542744242480266,0.09331767464875722,0.2465746045079515,-0.23946793574137543,0.3703292605924224,0.38207541936621947,0.1315777250725325,-0.23773085621224355,-0.3529500024130367,0.1802504873484986,0.1971603986009961,-0.12652293576030255,-0.10060426144828831,108
1057,2.763277462422835,-1.033311452718025,0.4522402383589908,0.177439131557204,1.3419088062323723,0.0528428683214513,-0.29646343117980595,-0.9780961604267586,0.23583927402902768,0.16660279540718378,-0.46157964065544765,0.01642977067550856,0.15346532300656437,-0.1313314389101267,0.08255404439774457,-0.04913554744794239,-0.5341793446318382,-0.14157849866799854,-0.005761459731829603,-0.5273962835258206,-0.11007521038388189,-0.14302420814232447,-0.8671688731391458,0.3580593108226713,1.062900015487115,0.2726226018418269,0.5174119211927312,-0.18586881680436831,-0.27683808438547025,-0.2256491532040956,0.17992537397694577,0.07180143151930947,0.06323270927003793,-0.0971582323130117,0.24474481833763928,-0.1618811914053638,-0.1592412172605057,-0.005313922124867877,0.03695667665956486,-0.5260821679904523,-0.17415852500910037,0.1900219374546425,0.10322456627222866,-0.19070819623378915,0.009147290922856436,0.30162807370769196,0.11861502531810533,-0.17316305096260218,0.11035565781232208,0.1297549079846256,108
6394,0.4655778177611961,0.8378352949346392,-0.21196069929564923,-0.345128818620935,0.1680848227778006,-0.27213853681674793,0.4280546594691894,-0.07083278913883491,0.42673326538496137,-0.25975877550654375,-0.307743095412558,-0.20187767251030453,-0.26106518530720735,-0.3130837937043073,0.18703174423816016,0.18143028449697238,-1.0691093549452861,-0.43872605643225615,-0.07676734665096033,0.2796589316110308,0.1956642989708106,-0.10326935171065546,0.2901908728948357,-0.08130805902297861,-0.6807358039140174,-0.04850489514540689,0.6871020679917671,-0.23426476079749983,-0.12577933258452859,0.021400744195445034,-0.03541194127849038,0.3000631559336768,0.3556201268290346,-0.3840105887615309,-0.5217846028245586,0.1327644731526017,-0.43510954653540096,0.027703687752547754,0.21384984927384196,-0.03015255578512881,0.34285579021414087,0.39099320769319507,0.08659208027110256,0.2996132997132124,-0.06924811092527847,-0.012514521344203451,0.3111143446805538,0.17125716400701468,0.05341529735658662,0.2569587323918838,108
1607,0.3395102005659578,-0.19601633753179926,0.3158263779079903,1.4103969633464546,0.2611884103046356,0.059779126970567205,0.27693684071180164,0.1647051524551387,-0.07358941651781864,-0.032976189593726175,-0.6930080943466956,-0.07443794744749714,-0.043209428759721065,0.7177101027210098,-0.11046746570537161,-0.6045636254188552,-0.3824885616126921,0.7647434170777646,0.02165849793953199,0.14175051539296707,-0.011534866755392961,0.04255630523099187,0.5286960927154846,0.1691024004070843,-0.2827418352122834,-0.3895741397611895,0.3494406475458532,-0.14355535885204498,-0.11148815180995808,-0.16614740269068864,-0.015882848476972647,0.07373199775578884,-0.30905419797994804,-0.2545420168378581,0.10736669904771719,-0.3650696381915922,0.03221468682070847,-0.17782415953527783,0.01723339795675648,-0.20003143130345422,-0.10032722339545044,0.19713529400830293,0.031123731897410762,-0.3984288254394045,0.34559621329584356,-0.15342739380372633,0.04019684016586826,0.0003789142919613881,0.22760351391837727,-0.38732063613755036,108
7553,0.5544403776848488,0.5139213845343459,0.1832465395386502,0.921276658158077,-0.36865952785538825,-0.17771298439490232,0.49900714733786794,-0.04989533828892626,0.4910767823053592,-0.17307378370747833,0.4914114274389728,-0.49029662376041905,-0.006664523297771706,-0.18543184285991215,-0.1756954534464393,-0.029952223812433412,0.3361933559321059,0.4358119513731581,0.4000294425893563,-0.16926291052709538,-0.8611503876397184,0.16955166929043772,0.2519874599318169,0.10354319063006845,-0.05715054850056303,-0.036366865592559715,-0.2621629034807746,0.17235886767984074,-0.2930810579439879,-0.19177899499334952,-0.5092543217205775,0.17540154129480615,-0.15154974892376114,0.014972658197305061,0.1299212888449313,-0.4520092707281361,-0.5509389196505973,-0.554733693252146,0.13703581703261716,0.17460107066827546,0.0024629542884356736,-0.1210498589348527,0.5714781653903503,0.06954723595868445,0.002206572243439354,0.13926073352303123,-0.27045805553424906,0.083688911226724,-0.05518363622775476,0.34777996814822565,108
7011,2.662654029172164,-1.2055749391905655,-0.26105763303920926,-0.9985019855882409,-0.4151625227872401,1.2508006031367993,-0.07749111799348202,0.07310134861032246,0.3798438154424398,-0.6104990391705414,0.11693253722834118,0.47618398790666744,-0.36552557065456037,0.17906360324075493,0.3846585640466851,0.37690454781889227,0.19810013355350334,0.24325871086759665,-0.2685889558383355,0.26906559530105123,-0.08982239077607033,-0.5236970819739438,-0.20390284784431403,0.505660774842914,0.19274191510022937,0.2283166367570954,-0.3239201561194198,0.19999304186983638,0.23549063052595093,-0.4886610156480638,-0.2564732564226327,-0.22672800844606994,0.26757614858044554,-0.36679904850524603,-0.0330590110112317,0.2517867419925253,-0.03951100054928712,0.05306412982758452,0.17980328429745618,-0.2695127555229771,-0.09591328222738921,0.22305250470670748,0.2062271644940693,0.14114739669643006,-0.2914032171026307,-0.24448608344245104,-0.2575175305182329,0.38821154742546,-0.13520880034174254,-0.2733354946379429,108
1917,1.1249184234034275,-0.33374411957763733,0.032387217499740245,-0.12991192403899493,-0.00985793342981398,0.06751998261684312,0.34226974675568916,0.8412975041117166,0.13113431088561756,0.17595444812461278,-0.8340972866515463,0.28089779500009426,-0.4370545921207946,0.34189271633925356,0.05190691728132737,-0.07617790959313787,-0.39739965458775817,0.8604233227196376,0.20109736701261482,-0.04644272214099586,0.19397147730328637,-0.2734731042053365,0.12232570775002138,0.3423282683165744,-0.11583613989786805,-0.2297515232761948,-0.33115749057343025,0.1479579426650733,0.46869697367208235,0.3384369138287018,0.2439202161764937,0.174682669150594,-0.35504992368812566,-0.34090832013618105,-0.018568557015195403,0.5273638896981253,0.2226732250903854,0.03183341547622084,0.06123694764995492,-0.18945496219207156,-0.08224742907112188,-0.07679015366881387,0.2726491988355288,-0.1392866333956898,0.21712443090043038,0.010854766818489294,0.015195622876730715,-0.1734481122341651,0.08244082901480496,0.4777862562368913,108
951,0.5647450106888332,-0.10735119040637171,0.3025936226804276,0.9988598630592205,-0.7301383044883855,-0.40350999425755474,0.380825014609767,-0.21653453579999743,0.07136783009525939,-0.0019886761394942993,-0.1161079827040617,-0.013100363978640776,-0.4127314988225774,0.192401872180694,0.4744060675991307,0.045934799026348665,0.3358007958923517,0.3814133827196673,-0.14854572480347614,-0.21263984993296373,0.03905520922297674,-0.03519200784152208,0.15001243541018913,0.26332680014450954,-0.1390487099253257,0.27174195258389455,0.3298820742988721,-0.07192197641804249,-0.45081072357271873,0.1204797077479467,-0.16519534954050433,0.10574999611371678,0.6253649400373951,0.47577906651226437,-0.04692570274359427,-0.19556721154916237,0.7294605167799763,0.33727858858058474,-0.04392857702688219,0.31723942969485786,-0.11890094906300837,0.3228853088103956,0.3249825155378891,-0.08321807850712638,-0.20190318685101188,0.22725805022422246,-0.20293754666747546,0.020477702200400915,0.13636293898081236,-0.051369433406788345,108
920,-0.3888635993843014,1.2115805462925362,-0.26507158703630207,0.3537495902233924,0.8144861544013495,0.046396677788642704,-0.05799310198500376,0.343753003911136,0.2447493775492476,0.1443663358605025,0.7137702134260672,0.17527610892898954,-0.671940858594026,0.26538565445982737,-0.4040420233370112,-0.4283959848953858,0.6422119716908106,-0.566503652465324,-0.4903086064475678,-0.08303796280411722,-0.3547159746039669,-0.438448306761366,-0.09671370571665652,-0.06045837737011247,0.3091815522719728,0.14957764368113727,-0.29048444800804063,0.21661346471558773,-0.33505187518957286,0.4080290988977751,0.3813472459923509,-0.27036640768942527,0.20159050582323979,-0.324766469496585,-0.2968172284427006,0.008914124587754028,-0.27194567517022683,0.012633335433171074,-0.11484422008443651,0.05250325741322767,0.002763116755485595,0.2710623090900695,-0.1141669529582823,0.03394293288548212,0.3672364413825937,0.21429780155998499,-0.025879006866849814,-0.38186586990823573,-0.016683755987461357,-0.06345582765050134,108
1286,1.3386933987497702,-0.29030664367296266,1.6003320715604188,-0.030911843701849497,0.6631849839415719,-0.9946923569307023,0.1422262416845923,-0.06600385058106062,-0.08628400086553403,-0.6253562229911536,-0.15440197826114754,0.13302893960386555,-0.23837816297282907,-0.13919427116512798,0.5372351510624938,-0.5944584082744024,0.20393411043232038,0.028522759961566932,0.18716171504684262,-0.35750374873862956,0.20542396305913965,0.24307008945649916,-0.1171788535599789,-0.16277448178285606,0.3408011217767688,-0.14184621396564803,0.04298830106252251,0.1539070440017642,-0.3043164342970951,0.06052621191969241,-0.1790096282841852,-0.0272759778812267,-0.14522750450159164,-0.19752451214872901,0.2676920043549457,0.466216827218548,0.038285188598429824,0.011913113800734848,-0.08021651865487371,0.40400710351120506,0.1912428853843556,0.014244728010183116,-0.058236472655982655,0.008722003600157874,0.1726928598195217,-0.44299195449426,-0.08304421561050403,0.015655151989320902,-0.1998567197592415,-0.19715330214953172,108
945,1.1995696517160084,-0.16383439688034457,2.024600378532717,0.8364522201155726,0.19290008920764146,-0.5605884696255431,-0.3458774287026579,0.31859683123851773,-0.5607899684640171,-0.16667099835772148,0.7723759558229896,0.04713236721402472,-0.19833434635729694,0.32347938188353215,0.8627878570794038,-0.4040648539439482,0.9104592010201691,0.2277686744220224,-0.12564850419092294,0.3219934956795606,0.6029536360637491,0.21445086683463252,-0.38393680668387004,-0.42379034343700583,0.18333448383457251,-0.2600060368757744,0.24531125411801535,0.4131178750840195,0.24777848833397803,-0.27447992483149436,-0.011008813191347068,0.398615274759142,-0.10664049335441597,-0.15787818535667592,-0.4348937152418055,0.04575244519340073,-0.154925892251869,-0.15487338708508397,-0.07405380458897505,0.08722699788438094,-0.28358536564293246,0.007991708053876199,-0.23874980506242235,0.19767119147904347,-0.04066773474336203,0.061934328381432015,0.1965503589413094,0.2159762226479302,0.16837199932337432,0.18568420148576964,108
5017,0.7479314496639129,0.11931324510511206,-0.2842267044135014,0.7632465077901704,-0.08098733839863571,0.41080981626145974,-0.1579839311378517,-0.7628157902207703,0.06654729043350406,1.1654997558460072,0.07090024189108948,-0.08072807717345531,0.500024370843806,0.2726902366682092,-0.4087182829466458,0.8795729234975946,0.21122172900689304,-0.2547582572125272,-0.2475211277902385,-0.27562457273892105,0.3885824897983793,-0.29080356589718503,0.06069116914018109,-0.16938036908608028,-0.3351576163673964,-0.21826863790388282,0.0413544705610303,0.41076763900780394,-0.011467841002560335,-0.4793217739614776,-0.509687809990763,-0.0431019949641377,-0.02311085366002933,-0.0018236175748221966,-0.3421648801466965,0.2903494523077471,-0.014205226622814609,0.32469906085690986,0.27710801976683513,-0.17872252729798588,-0.31001174320883335,-0.4298501075693728,0.19437980358570706,0.22935117325337684,0.33307609996799514,0.024326587318244403,0.14834819619558845,-0.21326615395174922,0.04532640970407269,-0.18879721527360652,108
6978,1.1128344935801244,-0.594000198553371,-0.49374630719072404,0.07165823790615311,-0.5515815798831867,-0.11553398092579883,0.554470357706571,-0.6530263883056849,0.1292231550540017,-0.0220290705369819,-0.20056378682479264,0.20507072586853434,0.4660089283017219,-0.63312760411383,0.1466759765271495,-0.15786106399546934,0.33543027115864416,-0.23776036844727144,0.48820397475125954,-0.11587843076472759,0.24153180564123333,0.7619626644387009,0.28034689758058623,0.4634719545538646,-0.04873135605660214,0.2724505562284078,-0.313420034672768,-0.0722264170356493,0.11235422078695216,0.2258372452582633,-0.016428690446116865,-0.04999489894082778,-0.2203026470494008,-0.07281342181141437,-0.5351520604694587,0.0009989680929391015,-0.28861418162769087,0.19951615601042805,-0.2854637690215138,-0.019433079079231436,-0.0017633272976449196,0.10429995093411136,-0.12908582839707516,-0.003251210392039337,-0.3129454295226797,-0.17958426970769023,-0.1256180389673597,-0.5827501895333396,0.23399532320591793,-0.04696948164791597,108
401,1.6737240886286628,-0.5171209406733962,-0.18442504966424977,0.3578322281497306,-0.4922268738990123,-0.31778058966524,0.599191099508485,-0.06887759693168173,-0.7826361088158869,-0.4619429686906524,0.305286936846086,0.13866021899806963,0.5799625069520266,0.04738143300102548,-0.5862804120887416,0.4491582845419361,-0.41585095292697405,-0.541485984196452,0.2461061344878813,0.04379679649373211,0.3393391272025041,-0.104006407015389,0.08473377710159319,0.044407683580272944,0.48728257764061067,-0.08840434920183594,-0.6127620943469947,-0.37046394196914173,0.1647802554131284,0.24646953002167668,-0.23402851675377306,0.2938941514488943,0.1464107865973613,-0.02996117933078406,0.23490844653753248,0.2560306251780083,0.11147199122658344,-0.47615704352510635,0.13286448626486136,0.32686565236891224,-0.026507191411770305,-0.17853406718923154,0.114694339980862,-0.12710033102617815,-0.06923107362513595,0.07750374582385133,0.4096506725977367,0.06306615520291096,0.4409682523052135,-0.2095637589135901,108
422,1.0631572823947528,0.4005432578512908,-0.09467040352677981,0.2825916034925409,0.40890359263138454,0.18713066652770696,-0.9274649722501684,0.17043967750713157,0.000118576170344366,1.1457718606470073,0.20471674842019016,0.5035019484184073,0.43499639079565405,0.4383058096709132,-0.6110285923372449,0.05988687141791352,0.32488994137507143,-0.3071119493350262,-0.2505874677289336,0.09372399822591616,0.14207827465201217,0.5425710564340148,-0.3719817500610111,-0.4245221889902519,-0.2290719748864911,-0.2718306195226052,-0.33367363272618117,0.07037234185216631,-0.09566497457669584,-0.2672330717283892,0.48261147258230896,0.14879820146418887,0.42663769398222157,0.0842562463833807,0.5321504127465476,0.21277721881042547,0.10382674435312064,-0.198854293278171,-0.26802201645473306,-0.007527632046556745,0.07705498581270241,0.15913407543530564,0.3519868357835441,-0.006670033290400119,-0.2890715106021277,-0.22753965617471786,0.008984003938596663,-0.04256622103945963,-0.03804299830682982,0.29875184058652815,108
503,0.5927343390574455,-0.08126748627551596,-0.27594267940161343,0.49456155555856546,0.08688680346604513,0.688601975502748,-0.22341924707750752,-0.12940480356068718,0.6081593227542882,0.4148379022160626,-0.22353335642012,0.5106656561403837,0.31756009490415815,0.39497237833597876,-0.387390725194546,-0.03618364487181583,0.36329887422685475,0.10763479533510857,-0.08448538197136478,-0.375836000619834,-0.34739297575623274,0.23041948820339497,0.16829323054170353,-0.22426310764845134,-0.0912166238035029,0.068312922923012,0.04101433513542177,0.01992099053158064,0.12532090824869085,-0.2896407684576617,-0.13116047444337758,-0.23735380697454897,-0.4492942820039553,0.14420937512719811,-0.09527618656231866,0.27576572874082655,0.1261836530194493,0.3929370961083314,0.27167480814618583,0.21818160738434322,0.29989451856715565,0.28926141555263163,-0.3921907763431753,0.005159283259888748,0.04259641008414925,0.3254665923963277,-0.2739483229184868,0.23076017418487635,0.3752846456603911,0.2309975240211833,108
1837,1.6830502903570932,-0.3966153563508118,0.10689382207757536,0.7686858419910371,-0.21607374545462638,0.3724857865283262,0.24458769986888904,0.09496471655382607,-0.017539451897416472,-0.5039573567513685,0.19083750262798366,-0.40013922975713523,0.45483240323703056,0.5380261297462356,-0.14107041142095872,-0.11866626436564874,-0.009889615436200023,0.05021036816391024,0.3079177493325126,-0.22985368962243755,-0.2415522982202022,-0.18982455297468656,0.3391375388995492,-0.059870544484406596,-0.07978729294708864,-0.051419245047145776,-0.13878268986166775,-0.14573747910863458,-0.10079710247417473,0.45390450034518287,-0.06737723438540662,-0.010203429868594308,0.5567736626196419,-0.23479143726773297,0.36899307509354473,0.40263021218517253,-0.003136914838868748,0.42304507537432345,0.032904230364928524,0.31969322213297596,0.20062000708333316,0.20028941643400372,-0.05570670958348071,0.17821754203023313,0.2794571439056089,0.13311393203035526,0.14795905865728823,-0.0285964511661986,-0.20894024376568274,-0.015332031065695447,108
3260,1.6756841920121295,0.4166722577344848,0.6492626315575937,1.2235194723119487,-0.5515080676432963,-0.07196730741768496,0.3409265906310018,-0.5790614712856587,0.26546245047814837,0.12746353015596099,-0.3442665647353577,-0.7314996041796492,0.2413074921304742,-0.22501547737738467,0.5306457563595133,0.07769066284553461,0.3893873940784876,-0.2626442548876738,0.12601711373809626,0.10380799738634558,0.32376326952476897,-0.3774298411694338,-0.23827055486029505,0.43432683706284236,-0.3438799835649521,0.011727292786595251,0.30345689188107916,0.15054461163796481,0.5914504751906006,0.3561543948019986,0.3805909799209637,-0.2381723038185524,0.2575621117518596,-0.014887434426090836,0.12311711182413229,-0.16054159177232633,-0.023056502191803063,0.2819862441254396,-0.19132940492543923,-0.038243760396148775,0.05239630137911786,-0.3793027646741048,0.1454638530322243,-0.1931595256047066,-0.10802818289008884,-0.09375923500077732,-0.02460941403205801,-0.06678266445735895,-0.25668894803084674,0.0734446460350513,108
4371,1.4018381505747364,-0.10402936664655414,0.12477642603036966,0.08607501595697527,0.05732495459703548,0.02125903422714419,-0.2678085724725707,0.24100502142138178,0.3759336970982463,-0.0380016858674508,0.4759484487858181,-0.3539776468682198,0.16641986085304689,-0.23868293489624443,0.319062480271279,-0.17625592977478188,-0.09435701264907564,-0.2867841852061972,-0.03892898934786855,0.4668009393730656,-0.6230258814204731,-0.447681509695473,0.29038079896926766,-0.2517505760730434,-0.26039599614737036,0.22020088256618506,-0.46887967949864173,0.14244652062513982,0.43336340561215264,0.17161629293740144,0.47675512293590044,0.0665672664320904,-0.04903698067612487,-0.3380289775848844,0.3108864571825684,-0.03944797508881475,-0.3008266730887547,0.024526980695529395,0.040882870702567034,-0.023369303369470067,-0.2721949014892218,-0.03905245582159319,-0.1857454230102497,-0.04778338327191676,-0.15276460813372397,0.3539754684376088,-0.2337384942521503,0.12328598402101205,0.21976561856654978,-0.27682971572885284,108
212,1.1511511078068455,-0.423727560184847,-0.14666814370509432,-0.3539937096192055,0.21082404231771523,-0.07409262991370794,-0.21652773196521566,0.05906438813715331,-0.07610586085499446,0.553111146805195,-0.04780527670270291,-0.1486463452905828,-0.16300918099575232,-0.01853652835649586,-0.42067562509213224,0.07434964831820769,-0.26419264649054125,-0.16364106909421355,-0.004010936754209588,0.17893702992272623,0.28854823944194,0.5422170191928083,0.21255183600456115,0.2641544180729857,-0.2044090572531822,-0.42913723008703825,0.08479734622911411,0.17275889909532988,0.0778530659333875,-0.5394992316726134,-0.02156549939405751,-0.3839140833538614,0.04490905416778357,-0.4405513320980861,-0.20876289697248623,-0.019114392276712827,-0.13080960691772422,-0.15674526929204236,-0.5973393563449438,0.24153970393132812,0.3516611942068106,-0.05155005120609172,0.2080744045912595,-0.3109206490251771,0.09896943552296592,0.18746625844164386,-0.23014753799745713,0.010649928359347008,-0.23665318560170462,-0.21705795226013344,108
4956,2.111685223466328,-0.5076875764486979,0.11011230990873669,0.6165025943052241,0.08233727637343428,-0.04740386460640857,0.11219774461948866,-1.1040728787288117,0.4755904264001982,0.2866242363520172,-0.008403416704292139,-0.3143519583993207,0.536209581747022,-0.5072499354523136,0.34981396828019323,0.14457521022592035,-0.040234893550103,0.0261325383675397,0.023423032175198484,-0.2175409819736746,-0.2050167708967427,-0.2422088235595387,-0.3084460738431011,-0.1789353316329706,-0.09879274248146985,0.2267022319201147,-0.15145421536300252,0.06284539810257916,0.20555708438220163,-0.006565591132742115,-0.18655043971127327,0.1256165232496997,-0.10510805186866622,0.18007519697278337,-0.16626139575646579,-0.325183564820707,-0.04139997440283847,-0.13327044987789102,0.07136873185956998,0.30258535783432705,0.027538997816158622,-0.04949399282557412,-0.21568589784063785,0.044383192119111334,0.14758187212112717,-0.09533087785842873,0.1616966873537563,0.08744021431303686,-0.11979714421742482,-0.018762952453229523,108
601,1.7203581631427414,-1.0169112443242752,-0.20728526728539928,-1.0555039645497657,0.14469900228977123,0.3701507000697941,-0.15262346429355797,0.47291360325071186,-0.5621903161804085,-0.1780995952661684,0.1602555209212216,0.18150510755625332,-0.13108755016216397,-0.2925531655925001,0.13997111787930094,-0.16461933131341785,-0.09757489778761001,0.2357771542608354,0.09483126915898728,-0.4436151302435451,0.15982498224471708,0.1649694452983958,0.030172571950107092,0.27204222577424286,-0.05772877764587447,-0.07938439813338065,-0.1518102782917688,-0.25112470769811823,-0.07591113274179542,-0.3315281520066996,-0.2870457885219609,-0.11725697652474518,0.0972496899417962,0.18732008758207067,-0.11997297168188949,-0.17277504897870305,0.13745607393736964,-0.1139877945216844,-0.6199918954005097,-0.014428504389444376,0.19686119806342522,0.014219376432038256,-0.15005790571276365,0.3711492137528508,0.13490469262768612,0.4448732490100878,0.1378125611728899,0.015153836330529972,0.055755891276417086,-0.07590254971217006,108
3526,1.9354208057083238,-0.5912289548947793,-0.7803978246966587,-0.7878856337955407,-0.21387139220395116,0.24745075397057942,-0.13502812661989294,0.15758798777501443,0.11925926209489217,-0.31017142766349887,-0.02610819929268929,0.15619298531549186,-0.034507924109441576,-0.5344830732115273,0.5271781110495021,0.08826132099211989,0.058155001227207,0.42057721133062936,0.3238242049759564,-0.12131525728612252,-0.08226687488230862,0.2173980072439657,0.2230023680057989,0.10778785985739091,-0.43880649417762146,0.04660132755507265,-0.5444750495901892,0.0977455671227521,-0.48161495135975285,0.15839550344270037,0.12020887981753062,0.030092371109995852,0.0015927439202307265,0.2209320781537668,0.05895530227343088,0.1131441324098218,0.05843970955807845,-0.08377888352899679,-0.1674151119852785,-0.25638276171731855,-0.4514712374242646,0.09917906847257248,-0.07040961997182951,0.2437329040527736,0.18928754373330245,-0.25779677754833497,0.03443696331753954,-0.11695111600093837,0.06402592612596376,0.19134512805872755,108
831,1.479625029143235,-0.19620155595953698,-0.02851292998557965,-0.044254709539120425,0.2462636759864698,0.11538081671748976,-0.5551510086181743,-0.29338148274750114,0.19461681803306757,0.768945311605831,-0.4763288534102867,0.21204813920349636,0.5079067356026725,-0.4041231368985082,-0.010166857201781268,0.18811384242970827,-0.05212377978202782,0.236489738472071,-0.12315775059559789,0.2694554385839483,0.1346605724430955,0.14570447218311183,0.44241278605719736,-0.2696318916428418,-0.40628693864876453,-0.10401678831929526,0.08522484399565795,0.24528682713585645,0.009813773133143135,0.2612464384677608,0.24041407940871246,-0.1672527159889859,0.00908606711165867,0.16973378359694477,0.24536388276352836,-0.3363357323139486,0.09889275451554402,-0.14058207866335884,-0.05242569005159668,-0.08927106148838061,-0.14355617986909763,0.2621325792829312,-0.40766000357248694,-0.20282385538433476,-0.04943612761306158,-0.11777849218941354,0.10224062619057223,0.2634647885050636,0.06797119608280687,-0.05716859655610867,108
166,1.6466142466669136,-0.05715521088623205,-0.3506170383779133,-0.8236638630548294,0.42734743172892,0.15945356520579682,-0.7444994950885396,0.17232914800672333,-0.014743379221000816,-0.24831473487601036,-0.4693071600077152,-0.06323031539619782,0.35726980405904846,-0.18068847561552936,-0.20632141114650795,0.1146232301715243,0.047367016736847595,0.35689355481346224,0.2973161877684402,-0.14273588797088926,-0.19130465215748593,-0.09320155758211061,0.029372023591522547,-0.7316780496556202,0.1625951064638169,-0.4904243744016074,-0.11895292335055149,0.17198042334244235,-0.2156067564541229,0.20196529951301034,0.09510922241228564,-0.25957436805612133,0.3337777796881392,0.15355077903759598,-0.19998558133522432,-0.4681473517865171,0.027614330330892445,-0.1052213213646512,0.34174383615730586,-0.08580934661055521,0.035577677206595285,0.09192026668018381,-0.021586482671132994,0.1519044297319809,0.23071915756041372,-0.23763189915134592,0.139565692232997,-0.07433506155260008,-0.2760698825582649,-0.09390978129753896,108
158,0.2608069942325724,0.4541510972475711,1.1800660752097638,-0.8175039784964319,-0.06189939018269577,-0.5972276318475228,0.11864050386842477,0.3238700792161433,0.1485050840606668,-0.3851864590147135,-0.18977110045006643,0.21660378221353352,-0.3461953516931455,-0.2518632504505945,0.2694094547816561,-0.20759413856417053,-0.4857655055864677,-0.6225530756299972,-0.18803559778676776,0.7391755437765138,-0.07075007214840416,-0.05126424977075077,0.057103792286701476,-0.4551831440759288,-0.23457455612350656,0.10112850257222125,-0.237928402015794,0.6343173057863468,0.020225242457469185,-0.0734370699623034,-0.11902371167848837,0.08582507494769628,-0.11082107498982201,0.5489899246498554,-0.2627180764649269,0.10590947803155668,0.42652459519412206,-0.17064159073770485,0.18909593629917773,-0.13785027912844444,-0.08764704348992979,0.14109757515428673,0.33661406424145024,-0.22244149745037592,0.061714761740666375,0.4045351295650936,0.020099940650869095,-0.3256918652834918,-0.09440209629303757,-0.1483795547654331,108
1796,0.8330655105438981,0.3083575517589462,0.46823099271658836,-0.8060655308107308,0.5395241986164765,-0.8102473442837739,0.1622457460695911,0.008455234033181496,-0.2047714450681863,0.21774965721115142,-0.33295837329939887,0.307582246435549,0.1623461074831131,-0.28247970639570213,0.21746719951309657,-0.12260257297953105,-0.419936055737412,-0.25162699775381914,-0.30576807375596965,-0.2785044280816393,-0.21370085974956893,0.21836382863341688,0.20294599448205822,-0.034683147846596644,-0.007161341169621066,0.31698453937258375,-0.3127974881588526,0.04942921556358848,0.11436081982750922,0.15105256336783382,0.06440120579976234,-0.09258679995678014,0.14867098107423782,-0.11547134660326978,-0.05857959023161547,-0.16092750132948738,0.23380930053633472,0.16552470648503587,-0.19882399364347658,-0.0447045693626946,0.17095189150583437,-0.5763658909088955,-0.08038434973407048,-0.14021508329511986,0.118335268135945,0.2970101355798871,0.07551286946193041,0.4571672666563294,-0.09170747525085664,0.24672668036661735,108
1037,0.6002758862942308,0.23695623344574726,-0.32151562273304124,-0.3973399680783187,0.49128650288687564,-0.34224140582326357,0.01558053760936935,-0.4891112482501973,0.08474362667463538,-0.6198796823023097,-0.5187814090051172,0.7389323638787225,0.5908538244897457,0.2824223796692409,0.04390304204538834,-0.12856402977282685,-0.11755554024006534,-0.13659316616444422,-0.06380835800660574,0.19539000832766695,-0.4420906568865408,-0.11041027021531499,-0.13956471519684202,-0.12760594065544464,0.4231120197867048,0.04434394628327556,0.06485767153593465,-0.025789123795240284,0.1713621166025639,0.07355405714851247,-0.22088163968636307,-0.2870239627645405,-0.272490718338523,0.1420277910438101,-0.3142278042122438,0.12921662421154953,0.18073363744908105,-0.06845986349768683,0.2662584621480856,0.20463776902840453,0.2218025712969507,-0.26391643938356335,-0.03397868861225731,-0.18947938960503208,0.03894910091305848,-0.21485346560844537,-0.2782856617610536,-0.044262568016968436,-0.1650898387463806,0.1456209529540077,108
7147,1.2801429626456413,0.5165525639972075,0.4225041717618621,0.10661897535950658,-0.661955213660252,0.526248199964126,0.5329547165760401,-0.20523036622505245,0.6550793326299074,-0.6495137732819015,-0.09763346788127673,0.4817660325785503,-0.2044602624696077,0.1705596696400485,-0.49597084414545767,-0.0006274509033852236,-0.25317599741164076,-0.7510470687037225,-0.10546988553527531,-0.0018862324819580501,-0.10418293472786053,0.37114903746392663,0.5084389625355188,-0.43180182428336233,0.2012250374500912,0.19229074389869602,0.4252817474039685,0.09069082646535774,-0.14010805287384395,-0.24764149658979193,-0.07053172615752698,0.10787935464322249,0.35833465667908104,-0.19350468948670013,-0.034627885733475354,0.02972207912913174,0.0809897503119033,-0.22934236828988272,0.012403258104194063,0.023030522563395116,-0.18953287738645125,-0.031249127599986725,-0.2874865595708081,-0.23861879901925656,-0.2928854296766752,-0.28604140705901915,-0.14282163173512955,-0.12482615580964107,0.06512369926264194,0.11703233276255666,108
1377,0.07192513978381776,0.43184738761291497,-0.17516016584813537,0.6723617108647587,-0.21396871768409575,0.5249244470770402,-0.07416115142376327,-0.22694990239298649,0.64760351539359,-0.4201973459071968,0.18683441121303554,0.15131267284170907,-0.6624545415656541,0.3742152292165681,-0.6141842435708873,-0.4065146313350123,0.40711452783182533,-0.037770229936611124,-0.15067488483585909,-0.14770518330579235,-0.25305892839882144,-0.18035085921191668,0.6701780667956326,-0.040293978308565855,0.2899135491712896,-0.012687652007904308,0.14131737286570498,-0.1549317598014631,-0.25032163532218926,0.198656476210468,0.18940335432501504,0.07995687448375005,-0.15070928334659292,-0.20577805285212586,-0.29266411362675365,-0.20187974524186753,0.5192053388007873,-0.09973888338872137,-0.28597938048047544,-0.4446182223250278,0.03128234584808814,-0.6124152681952918,0.004593509712659782,0.3462724484075211,-0.22966115524153885,-0.10140635183211862,0.2441988740295215,0.1337856168136913,-0.019129622424353933,-0.047051362727566166,108
5078,-3.374863955077261,-1.0060167109488525,-0.06408871616847157,0.2244396731203981,0.29794367119280146,0.17438113895384888,0.18131218986782677,0.6131018226808661,0.5806135051993393,-0.8030766112138683,-0.4758099115218868,0.2909705897446273,0.5206883912400773,0.38995983325261674,-0.506653609540709,0.6969610034858744,-0.5110662292135457,0.5858020280697538,0.15326381725171578,-0.1514359332682414,0.29529900308028983,-0.14000028626515204,-0.7773709938761258,-0.5964066880904757,-0.0997014880904199,0.10658437771865117,0.03816815488807786,0.5014740873448674,-0.33221303530901386,0.503198253518885,-0.1240503317837299,-0.1851210869146762,-0.278459480444062,-0.3176898265411566,-0.15714829652114873,-0.18539251078288668,-0.13053195651129088,0.18279992436828774,-0.43500410368822523,0.3074468899127474,-0.3200797092665747,0.009879480371562823,0.10181548072802726,0.015586974348019788,-0.43125208020108247,0.1860407944476868,0.06578506677117858,0.053671900637821464,-0.06240221775827161,-0.05522767962047089,33
2089,-1.9572844179589648,-0.13904323242704053,1.2085426283081115,-1.7776502974633572,-1.134505617707112,-0.5105853597777943,0.478577014145296,-0.3084010229773648,0.259133544621913,0.46472374089398755,0.44933931162867974,0.048667972409929885,0.3818450133492855,0.4904233598087062,-0.27476155200424845,-0.15694497090781648,-0.03984382212683961,0.07766505244719416,-0.18124348715251118,0.09540018005284219,-1.1472455997175128,0.5730225097396356,-0.10033271776801121,0.38048225993686347,0.09097175285895003,-0.5478326170283996,0.599507494591952,-0.15110208823979138,0.44371341632154165,0.2712447059078286,-0.2850381970185696,-0.1265755687134699,0.1724419397038575,0.17143981677567335,0.08221368780417466,0.24755928992147982,-0.16044218610887118,0.12256854419068319,-0.2260608448770521,-0.06808566949595242,-0.5763328526442202,0.04459838782916406,-0.060088806032553545,0.038725267528475285,0.09643261739249158,0.0027257808666588646,0.19413318289530337,0.021391525950113576,-0.07343951409673882,-0.028957640611551535,107
6579,-3.099674412313216,-1.6133687787015445,1.2396000486730632,-0.8866352295436905,-0.5172823441003993,0.8145070457000956,0.057265092291808276,0.13575433189633596,1.2811410829935028,0.24969801932802901,0.2774613855660186,-0.10460388498649797,0.48157557624535463,0.1901090687499302,-0.3584439888912101,-0.33497845236106827,0.3036878363621598,-0.2726477245892413,0.71193120651555,0.299212734374325,0.9148155090310073,-0.20106582234951945,0.5850588710222177,-0.25609714221996344,0.46523779562031026,0.5837567289863227,-0.15120616772519843,-0.3190543197995643,0.18240595903066975,-0.16650965334457268,-0.010248342620822342,0.49410259081694485,-0.10436364810232145,0.19719581575763465,0.09865730812143371,-0.20634918081150483,-0.10340559121200822,0.20710148031799872,-0.092400412429511,-0.13751220687891666,0.08089452527277198,0.17885638894339198,0.10695534722642747,-0.0848256314590398,0.31306065238774355,0.015579924668266281,-0.011169465571606864,0.08095722519798143,-0.266583897589416,0.07823570457405506,107
1338,-3.4840541922475596,-1.1016803966893887,0.930113065934982,-1.475049234540679,-0.1378789712883453,-0.3891911916164984,0.6556474923117838,-0.6331852049786539,0.6615484645490114,0.596940779813548,0.9138790637693939,-0.9177797609022296,0.6416023135845953,0.2569569885615064,0.6108349480969876,0.09706170797119303,0.04077097486125654,0.1579740721643752,-0.12551177346011294,-0.1950541130126212,0.08057959085792307,-0.24641072562671507,-0.0862478498393626,0.2652801447850159,-0.20628491991052086,-0.14044922085057668,-0.038832540532221085,0.3303177401008144,-0.6224811147434225,-0.023690013934707606,0.280162656383046,-0.3366926256409725,-0.032196998879834224,-0.3699443044423062,0.10287732994322873,0.06658758341329313,0.39083745297840294,-0.3801547750474652,0.2915184399387909,-0.0960433752468837,0.4751809514785603,-0.07740930071828825,-0.08328406685344,0.02109771668190252,-0.13762966259522255,-0.06622108087950358,0.0036621486781450783,-0.12272408922874999,0.302070203449919,0.01031285101966854,107
